
Measuring costs for CostType::Contract(VerifyMlDsa44Sig)


Measuring costs for CostType::Contract(VerifyMlDsa44Sig)

iterations        inputs     cpu_insns_total     cpu_insns_base     mem_bytes_total     mem_bytes_base     time_ns_total     time_ns_base     ave_net_input     ave_net_insns     ave_net_bytes     ave_net_ns     ave_net_insn_per_input     ave_net_bytes_per_input
       100             0          68,573,480             56,918                   0                  0         9,496,117          214,658                 0           685,165                 0         92,814                    685,165     0
       100        13,600          69,233,971             56,918                   0                  0         6,754,138          214,658               136           691,770                 0         65,394                      5,086     0
       100        27,200          69,879,169             56,918                   0                  0         9,330,907          214,658               272           698,222                 0         91,162                      2,566     0
       100        40,800          70,532,564             56,918                   0                  0         6,108,382          214,658               408           704,756                 0         58,937                      1,727     0
       100        54,400          71,179,169             56,918                   0                  0         8,246,701          214,658               544           711,222                 0         80,320                      1,307     0
       100        68,000          71,829,175             56,918                   0                  0         9,392,559          214,658               680           717,722                 0         91,779                      1,055     0
       100        81,600          72,472,372             56,918                   0                  0        10,957,845          214,658               816           724,154                 0        107,431                        887     0
       100        95,200          73,125,772             56,918                   0                  0         9,898,168          214,658               952           730,688                 0         96,835                        767     0
       100       108,800          73,767,275             56,918                   0                  0         8,172,663          214,658             1,088           737,103                 0         79,580                        677     0
       100       122,400          74,422,373             56,918                   0                  0         8,344,485          214,658             1,224           743,654                 0         81,298                        607     0
       100       136,000          75,070,665             56,918                   0                  0         7,426,515          214,658             1,360           750,137                 0         72,118                        551     0
       100       149,600          75,717,271             56,918                   0                  0         8,384,597          214,658             1,496           756,603                 0         81,699                        505     0
       100       163,200          76,367,271             56,918                   0                  0         6,649,677          214,658             1,632           763,103                 0         64,350                        467     0
       100       176,800          77,010,476             56,918                   0                  0         8,606,784          214,658             1,768           769,535                 0         83,921                        435     0
       100       190,400          77,660,463             56,918                   0                  0         6,670,390          214,658             1,904           776,035                 0         64,557                        407     0
       100       204,000          78,307,075             56,918                   0                  0         8,976,530          214,658             2,040           782,501                 0         87,618                        383     0
       100       217,600          78,951,972             56,918                   0                  0         7,015,451          214,658             2,176           788,950                 0         68,007                        362     0
       100       231,200          79,608,767             56,918                   0                  0         8,408,419          214,658             2,312           795,518                 0         81,937                        344     0
       100       244,800          80,253,670             56,918                   0                  0         6,223,212          214,658             2,448           801,967                 0         60,085                        327     0
       100       258,400          80,907,037             56,918                   0                  0         6,190,199          214,658             2,584           808,501                 0         59,755                        312     0
       100       272,000          81,548,541             56,918                   0                  0         6,808,102          214,658             2,720           814,916                 0         65,934                        299     0
       100       285,600          82,193,447             56,918                   0                  0         6,358,244          214,658             2,856           821,365                 0         61,435                        287     0
       100       299,200          82,845,145             56,918                   0                  0         5,994,341          214,658             2,992           827,882                 0         57,796                        276     0
       100       312,800          83,496,871             56,918                   0                  0         6,124,480          214,658             3,128           834,399                 0         59,098                        266     0
       100       326,400          84,146,866             56,918                   0                  0         7,903,642          214,658             3,264           840,899                 0         76,889                        257     0
       100       340,000          84,795,164             56,918                   0                  0         6,982,936          214,658             3,400           847,382                 0         67,682                        249     0
       100       353,600          85,438,370             56,918                   0                  0         7,260,242          214,658             3,536           853,814                 0         70,455                        241     0
       100       367,200          86,084,970             56,918                   0                  0         7,812,769          214,658             3,672           860,280                 0         75,981                        234     0
       100       380,800          86,736,641             56,918                   0                  0         6,439,812          214,658             3,808           866,797                 0         62,251                        227     0
       100       394,400          87,384,959             56,918                   0                  0         9,196,388          214,658             3,944           873,280                 0         89,817                        221     0
       100       408,000          88,028,170             56,918                   0                  0         6,981,616          214,658             4,080           879,712                 0         67,669                        215     0
       100       421,600          88,681,572             56,918                   0                  0         8,025,534          214,658             4,216           886,246                 0         78,108                        210     0
       100       435,200          89,328,170             56,918                   0                  0         7,223,568          214,658             4,352           892,712                 0         70,089                        205     0
       100       448,800          89,976,440             56,918                   0                  0         6,456,935          214,658             4,488           899,195                 0         62,422                        200     0
       100       462,400          90,631,572             56,918                   0                  0         8,556,569          214,658             4,624           905,746                 0         83,419                        195     0
       100       476,000          91,276,470             56,918                   0                  0         6,585,860          214,658             4,760           912,195                 0         63,712                        191     0
       100       489,600          91,924,771             56,918                   0                  0         8,969,952          214,658             4,896           918,678                 0         87,552                        187     0
       100       503,200          92,573,068             56,918                   0                  0         7,297,824          214,658             5,032           925,161                 0         70,831                        183     0
       100       516,800          93,217,974             56,918                   0                  0         9,123,744          214,658             5,168           931,610                 0         89,090                        180     0
       100       530,400          93,869,666             56,918                   0                  0         8,289,461          214,658             5,304           938,127                 0         80,748                        176     0
       100       544,000          94,521,368             56,918                   0                  0        10,960,379          214,658             5,440           944,644                 0        107,457                        173     0
       100       557,600          95,162,869             56,918                   0                  0         7,522,395          214,658             5,576           951,059                 0         73,077                        170     0
       100       571,200          95,809,471             56,918                   0                  0        10,637,982          214,658             5,712           957,525                 0        104,233                        167     0
       100       584,800          96,464,576             56,918                   0                  0        10,150,040          214,658             5,848           964,076                 0         99,353                        164     0
       100       598,400          97,116,269             56,918                   0                  0         8,261,161          214,658             5,984           970,593                 0         80,465                        162     0
       100       612,000          97,761,178             56,918                   0                  0         9,774,266          214,658             6,120           977,042                 0         95,596                        159     0
       100       625,600          98,404,369             56,918                   0                  0         7,948,106          214,658             6,256           983,474                 0         77,334                        157     0
       100       639,200          99,054,368             56,918                   0                  0         8,383,395          214,658             6,392           989,974                 0         81,687                        154     0
       100       652,800          99,702,715             56,918                   0                  0         8,557,228          214,658             6,528           996,457                 0         83,425                        152     0
       100       666,400         100,354,372             56,918                   0                  0         9,165,233          214,658             6,664         1,002,974                 0         89,505                        150     0
       100       680,000         100,999,277             56,918                   0                  0         8,636,960          214,658             6,800         1,009,423                 0         84,223                        148     0
       100       693,600         101,645,870             56,918                   0                  0         9,061,757          214,658             6,936         1,015,889                 0         88,470                        146     0
       100       707,200         102,297,569             56,918                   0                  0         9,190,142          214,658             7,072         1,022,406                 0         89,754                        144     0
       100       720,800         102,940,775             56,918                   0                  0         9,440,263          214,658             7,208         1,028,838                 0         92,256                        142     0
       100       734,400         103,590,773             56,918                   0                  0         9,318,185          214,658             7,344         1,035,338                 0         91,035                        140     0
       100       748,000         104,244,156             56,918                   0                  0         9,790,597          214,658             7,480         1,041,872                 0         95,759                        139     0
       100       761,600         104,885,657             56,918                   0                  0         9,330,047          214,658             7,616         1,048,287                 0         91,153                        137     0
       100       775,200         105,532,271             56,918                   0                  0         9,724,082          214,658             7,752         1,054,753                 0         95,094                        136     0
       100       788,800         106,189,072             56,918                   0                  0         8,239,053          214,658             7,888         1,061,321                 0         80,243                        134     0
       100       802,400         106,835,669             56,918                   0                  0         9,518,952          214,658             8,024         1,067,787                 0         93,042                        133     0
       100       816,000         107,482,270             56,918                   0                  0        10,595,490          214,658             8,160         1,074,253                 0        103,808                        131     0
       100       829,600         108,130,544             56,918                   0                  0         8,870,652          214,658             8,296         1,080,736                 0         86,559                        130     0
       100       843,200         108,782,244             56,918                   0                  0         9,890,106          214,658             8,432         1,087,253                 0         96,754                        128     0
       100       856,800         109,421,995             56,918                   0                  0         9,761,556          214,658             8,568         1,093,650                 0         95,468                        127     0
       100       870,400         110,075,443             56,918                   0                  0        10,212,833          214,658             8,704         1,100,185                 0         99,981                        126     0
       100       884,000         110,725,441             56,918                   0                  0         9,422,220          214,658             8,840         1,106,685                 0         92,075                        125     0
       100       897,600         111,366,941             56,918                   0                  0         8,938,819          214,658             8,976         1,113,100                 0         87,241                        124     0
       100       911,200         112,022,048             56,918                   0                  0         9,278,360          214,658             9,112         1,119,651                 0         90,637                        122     0
       100       924,800         112,677,174             56,918                   0                  0         9,394,794          214,658             9,248         1,126,202                 0         91,801                        121     0
       100       938,400         113,322,074             56,918                   0                  0         8,335,808          214,658             9,384         1,132,651                 0         81,211                        120     0
       100       952,000         113,970,378             56,918                   0                  0        10,174,975          214,658             9,520         1,139,134                 0         99,603                        119     0
       100       965,600         114,610,171             56,918                   0                  0        10,302,913          214,658             9,656         1,145,532                 0        100,882                        118     0
       100       979,200         115,256,746             56,918                   0                  0        10,522,408          214,658             9,792         1,151,998                 0        103,077                        117     0
       100       992,800         115,911,866             56,918                   0                  0         8,923,923          214,658             9,928         1,158,549                 0         87,092                        116     0
       100     1,006,400         116,558,468             56,918                   0                  0        10,769,908          214,658            10,064         1,165,015                 0        105,552                        115     0
       100     1,020,000         117,211,873             56,918                   0                  0        11,817,649          214,658            10,200         1,171,549                 0        116,029                        114     0
       100     1,033,600         117,849,971             56,918                   0                  0         9,807,143          214,658            10,336         1,177,930                 0         95,924                        113     0
       100     1,047,200         118,501,673             56,918                   0                  0        10,207,342          214,658            10,472         1,184,447                 0         99,926                        113     0
       100     1,060,800         119,151,671             56,918                   0                  0        10,532,286          214,658            10,608         1,190,947                 0        103,176                        112     0
       100     1,074,400         119,806,771             56,918                   0                  0        10,497,849          214,658            10,744         1,197,498                 0        102,831                        111     0
       100     1,088,000         120,448,270             56,918                   0                  0         9,339,748          214,658            10,880         1,203,913                 0         91,250                        110     0
       100     1,101,600         121,093,172             56,918                   0                  0        11,019,183          214,658            11,016         1,210,362                 0        108,045                        109     0
       100     1,115,200         121,743,192             56,918                   0                  0        11,349,956          214,658            11,152         1,216,862                 0        111,352                        109     0
       100     1,128,800         122,393,170             56,918                   0                  0        10,087,640          214,658            11,288         1,223,362                 0         98,729                        108     0
       100     1,142,400         123,038,071             56,918                   0                  0        10,320,486          214,658            11,424         1,229,811                 0        101,058                        107     0
       100     1,156,000         123,686,368             56,918                   0                  0        11,183,879          214,658            11,560         1,236,294                 0        109,692                        106     0
       100     1,169,600         124,339,774             56,918                   0                  0        11,274,821          214,658            11,696         1,242,828                 0        110,601                        106     0
       100     1,183,200         124,989,775             56,918                   0                  0         9,606,808          214,658            11,832         1,249,328                 0         93,921                        105     0
       100     1,196,800         125,646,576             56,918                   0                  0        11,617,716          214,658            11,968         1,255,896                 0        114,030                        104     0
       100     1,210,400         126,288,067             56,918                   0                  0        16,264,966          214,658            12,104         1,262,311                 0        160,503                        104     0
       100     1,224,000         126,931,274             56,918                   0                  0        10,535,398          214,658            12,240         1,268,743                 0        103,207                        103     0
       100     1,237,600         127,579,543             56,918                   0                  0        11,941,501          214,658            12,376         1,275,226                 0        117,268                        103     0
       100     1,251,200         128,231,242             56,918                   0                  0        10,064,255          214,658            12,512         1,281,743                 0         98,495                        102     0
       100     1,264,800         128,879,544             56,918                   0                  0        12,576,581          214,658            12,648         1,288,226                 0        123,619                        101     0
       100     1,278,400         129,531,275             56,918                   0                  0        12,695,441          214,658            12,784         1,294,743                 0        124,807                        101     0
       100     1,292,000         130,176,170             56,918                   0                  0        10,728,027          214,658            12,920         1,301,192                 0        105,133                        100     0
       100     1,305,600         130,821,073             56,918                   0                  0        10,406,345          214,658            13,056         1,307,641                 0        101,916                        100     0
       100     1,319,200         131,472,789             56,918                   0                  0        11,603,353          214,658            13,192         1,314,158                 0        113,886                         99     0
       100     1,332,800         132,117,680             56,918                   0                  0        10,975,903          214,658            13,328         1,320,607                 0        107,612                         99     0
       100     1,346,400         132,764,273             56,918                   0                  0        10,899,410          214,658            13,464         1,327,073                 0        106,847                         98     0
       100     1,360,000         133,419,379             56,918                   0                  0        10,931,237          214,658            13,600         1,333,624                 0        107,165                         98     0
       100     1,373,600         134,067,670             56,918                   0                  0        11,675,085          214,658            13,736         1,340,107                 0        114,604                         97     0
       100     1,387,200         134,709,176             56,918                   0                  0        10,445,496          214,658            13,872         1,346,522                 0        102,308                         97     0
       100     1,400,800         135,359,175             56,918                   0                  0        11,605,783          214,658            14,008         1,353,022                 0        113,911                         96     0
       100     1,414,400         136,005,775             56,918                   0                  0         9,524,312          214,658            14,144         1,359,488                 0         93,096                         96     0
       100     1,428,000         136,659,148             56,918                   0                  0        10,890,404          214,658            14,280         1,366,022                 0        106,757                         95     0
       100     1,441,600         137,304,046             56,918                   0                  0         9,497,851          214,658            14,416         1,372,471                 0         92,831                         95     0
       100     1,455,200         137,950,672             56,918                   0                  0         9,501,904          214,658            14,552         1,378,937                 0         92,872                         94     0
       100     1,468,800         138,604,073             56,918                   0                  0        13,504,449          214,658            14,688         1,385,471                 0        132,897                         94     0
       100     1,482,400         139,247,272             56,918                   0                  0        12,636,295          214,658            14,824         1,391,903                 0        124,216                         93     0
       100     1,496,000         139,892,171             56,918                   0                  0        12,151,623          214,658            14,960         1,398,352                 0        119,369                         93     0
       100     1,509,600         140,552,346             56,918                   0                  0        11,292,438          214,658            15,096         1,404,954                 0        110,777                         93     0
       100     1,523,200         141,195,621             56,918                   0                  0        11,017,172          214,658            15,232         1,411,387                 0        108,025                         92     0
       100     1,536,800         141,842,175             56,918                   0                  0        10,615,377          214,658            15,368         1,417,852                 0        104,007                         92     0
       100     1,550,400         142,488,771             56,918                   0                  0        11,372,884          214,658            15,504         1,424,318                 0        111,582                         91     0
       100     1,564,000         143,145,568             56,918                   0                  0        11,418,705          214,658            15,640         1,430,886                 0        112,040                         91     0
       100     1,577,600         143,785,342             56,918                   0                  0        12,691,831          214,658            15,776         1,437,284                 0        124,771                         91     0
       100     1,591,200         144,433,669             56,918                   0                  0        12,137,822          214,658            15,912         1,443,767                 0        119,231                         90     0
       100     1,604,800         145,078,575             56,918                   0                  0        12,757,087          214,658            16,048         1,450,216                 0        125,424                         90     0
       100     1,618,400         145,735,372             56,918                   0                  0        11,319,169          214,658            16,184         1,456,784                 0        111,045                         90     0
       100     1,632,000         146,378,546             56,918                   0                  0        12,529,512          214,658            16,320         1,463,216                 0        123,148                         89     0
       100     1,645,600         147,028,569             56,918                   0                  0        12,702,538          214,658            16,456         1,469,716                 0        124,878                         89     0
       100     1,659,200         147,675,180             56,918                   0                  0        12,043,037          214,658            16,592         1,476,182                 0        118,283                         88     0
       100     1,672,800         148,321,775             56,918                   0                  0        12,466,163          214,658            16,728         1,482,648                 0        122,515                         88     0
       100     1,686,400         148,975,176             56,918                   0                  0        10,965,904          214,658            16,864         1,489,182                 0        107,512                         88     0
       100     1,700,000         149,618,378             56,918                   0                  0        12,550,787          214,658            17,000         1,495,614                 0        123,361                         87     0
       100     1,713,600         150,273,479             56,918                   0                  0        11,957,088          214,658            17,136         1,502,165                 0        117,424                         87     0
       100     1,727,200         150,920,121             56,918                   0                  0        11,212,901          214,658            17,272         1,508,632                 0        109,982                         87     0
       100     1,740,800         151,563,273             56,918                   0                  0        13,624,171          214,658            17,408         1,515,063                 0        134,095                         87     0
       100     1,754,400         152,214,973             56,918                   0                  0        12,166,667          214,658            17,544         1,521,580                 0        119,520                         86     0
       100     1,768,000         152,863,273             56,918                   0                  0        12,907,509          214,658            17,680         1,528,063                 0        126,928                         86     0
       100     1,781,600         153,511,571             56,918                   0                  0        12,328,943          214,658            17,816         1,534,546                 0        121,142                         86     0
       100     1,795,200         154,156,468             56,918                   0                  0        12,471,100          214,658            17,952         1,540,995                 0        122,564                         85     0
       100     1,808,800         154,811,574             56,918                   0                  0        13,396,889          214,658            18,088         1,547,546                 0        131,822                         85     0
       100     1,822,400         155,459,865             56,918                   0                  0        13,449,395          214,658            18,224         1,554,029                 0        132,347                         85     0
       100     1,836,000         156,101,368             56,918                   0                  0        12,770,516          214,658            18,360         1,560,444                 0        125,558                         84     0
       100     1,849,600         156,756,474             56,918                   0                  0        13,410,151          214,658            18,496         1,566,995                 0        131,954                         84     0
       100     1,863,200         157,396,263             56,918                   0                  0        13,759,874          214,658            18,632         1,573,393                 0        135,452                         84     0
       100     1,876,800         158,049,668             56,918                   0                  0        13,255,269          214,658            18,768         1,579,927                 0        130,406                         84     0
       100     1,890,400         158,701,375             56,918                   0                  0        13,360,522          214,658            18,904         1,586,444                 0        131,458                         83     0
       100     1,904,000         159,354,773             56,918                   0                  0        12,380,165          214,658            19,040         1,592,978                 0        121,655                         83     0
       100     1,917,600         159,999,674             56,918                   0                  0        13,378,231          214,658            19,176         1,599,427                 0        131,635                         83     0
       100     1,931,200         160,646,270             56,918                   0                  0        13,737,031          214,658            19,312         1,605,893                 0        135,223                         83     0
       100     1,944,800         161,292,873             56,918                   0                  0        13,243,923          214,658            19,448         1,612,359                 0        130,292                         82     0
       100     1,958,400         161,941,170             56,918                   0                  0        13,455,553          214,658            19,584         1,618,842                 0        132,408                         82     0
       100     1,972,000         162,587,769             56,918                   0                  0        13,834,838          214,658            19,720         1,625,308                 0        136,201                         82     0
       100     1,985,600         163,230,973             56,918                   0                  0        13,569,951          214,658            19,856         1,631,740                 0        133,552                         82     0
       100     1,999,200         163,887,775             56,918                   0                  0        12,459,548          214,658            19,992         1,638,308                 0        122,448                         81     0
       100     2,012,800         164,532,670             56,918                   0                  0        11,778,370          214,658            20,128         1,644,757                 0        115,637                         81     0
       100     2,026,400         165,182,672             56,918                   0                  0        12,792,064          214,658            20,264         1,651,257                 0        125,774                         81     0
       100     2,040,000         165,832,680             56,918                   0                  0        12,155,222          214,658            20,400         1,657,757                 0        119,405                         81     0
       100     2,053,600         166,475,873             56,918                   0                  0        10,960,167          214,658            20,536         1,664,189                 0        107,455                         81     0
       100     2,067,200         167,127,571             56,918                   0                  0        11,283,869          214,658            20,672         1,670,706                 0        110,692                         80     0
       100     2,080,800         167,782,670             56,918                   0                  0        11,561,600          214,658            20,808         1,677,257                 0        113,469                         80     0
       100     2,094,400         168,417,370             56,918                   0                  0        11,640,551          214,658            20,944         1,683,604                 0        114,258                         80     0
       100     2,108,000         169,072,473             56,918                   0                  0        12,873,249          214,658            21,080         1,690,155                 0        126,585                         80     0
       100     2,121,600         169,720,775             56,918                   0                  0        11,763,165          214,658            21,216         1,696,638                 0        115,485                         79     0
       100     2,135,200         170,374,169             56,918                   0                  0        14,123,957          214,658            21,352         1,703,172                 0        139,092                         79     0
       100     2,148,800         171,017,369             56,918                   0                  0        12,536,407          214,658            21,488         1,709,604                 0        123,217                         79     0
       100     2,162,400         171,660,573             56,918                   0                  0        12,861,066          214,658            21,624         1,716,036                 0        126,464                         79     0
       100     2,176,000         172,308,871             56,918                   0                  0        12,409,681          214,658            21,760         1,722,519                 0        121,950                         79     0
       100     2,189,600         172,963,968             56,918                   0                  0        12,826,276          214,658            21,896         1,729,070                 0        126,116                         78     0
       100     2,203,200         173,610,566             56,918                   0                  0        11,724,684          214,658            22,032         1,735,536                 0        115,100                         78     0
       100     2,216,800         174,265,673             56,918                   0                  0        12,845,286          214,658            22,168         1,742,087                 0        126,306                         78     0
       100     2,230,400         174,905,474             56,918                   0                  0        13,537,711          214,658            22,304         1,748,485                 0        133,230                         78     0
       100     2,244,000         175,553,780             56,918                   0                  0        13,614,542          214,658            22,440         1,754,968                 0        133,998                         78     0
       100     2,257,600         176,213,972             56,918                   0                  0        11,994,213          214,658            22,576         1,761,570                 0        117,795                         78     0
       100     2,271,200         176,853,744             56,918                   0                  0        15,213,812          214,658            22,712         1,767,968                 0        149,991                         77     0
       100     2,284,800         177,500,339             56,918                   0                  0        15,443,095          214,658            22,848         1,774,434                 0        152,284                         77     0
       100     2,298,400         178,146,971             56,918                   0                  0        15,152,776          214,658            22,984         1,780,900                 0        149,381                         77     0
       100     2,312,000         178,800,342             56,918                   0                  0        15,476,562          214,658            23,120         1,787,434                 0        152,619                         77     0
       100     2,325,600         179,443,576             56,918                   0                  0        14,944,663          214,658            23,256         1,793,866                 0        147,300                         77     0
       100     2,339,200         180,096,978             56,918                   0                  0        14,704,756          214,658            23,392         1,800,400                 0        144,900                         76     0
       100     2,352,800         180,738,469             56,918                   0                  0        15,012,740          214,658            23,528         1,806,815                 0        147,980                         76     0
       100     2,366,400         181,388,473             56,918                   0                  0        15,428,111          214,658            23,664         1,813,315                 0        152,134                         76     0
       100     2,380,000         182,036,772             56,918                   0                  0        14,820,842          214,658            23,800         1,819,798                 0        146,061                         76     0
       100     2,393,600         182,683,412             56,918                   0                  0        14,868,954          214,658            23,936         1,826,264                 0        146,542                         76     0
       100     2,407,200         183,335,068             56,918                   0                  0        14,258,563          214,658            24,072         1,832,781                 0        140,439                         76     0
       100     2,420,800         183,978,275             56,918                   0                  0        14,727,903          214,658            24,208         1,839,213                 0        145,132                         75     0
       100     2,434,400         184,628,277             56,918                   0                  0        15,024,050          214,658            24,344         1,845,713                 0        148,093                         75     0
       100     2,448,000         185,285,073             56,918                   0                  0        15,917,800          214,658            24,480         1,852,281                 0        157,031                         75     0
       100     2,461,600         185,924,873             56,918                   0                  0        14,838,863          214,658            24,616         1,858,679                 0        146,242                         75     0
       100     2,475,200         186,569,775             56,918                   0                  0        15,973,959          214,658            24,752         1,865,128                 0        157,593                         75     0
       100     2,488,800         187,228,268             56,918                   0                  0        14,897,710          214,658            24,888         1,871,713                 0        146,830                         75     0
       100     2,502,400         187,868,044             56,918                   0                  0        17,373,400          214,658            25,024         1,878,111                 0        171,587                         75     0
       100     2,516,000         188,523,173             56,918                   0                  0        16,665,383          214,658            25,160         1,884,662                 0        164,507                         74     0
       100     2,529,600         189,168,074             56,918                   0                  0        14,015,308          214,658            25,296         1,891,111                 0        138,006                         74     0
       100     2,543,200         189,814,672             56,918                   0                  0        14,196,363          214,658            25,432         1,897,577                 0        139,817                         74     0
       100     2,556,800         190,464,674             56,918                   0                  0        16,274,953          214,658            25,568         1,904,077                 0        160,602                         74     0
       100     2,570,400         191,114,672             56,918                   0                  0        15,063,690          214,658            25,704         1,910,577                 0        148,490                         74     0
       100     2,584,000         191,764,669             56,918                   0                  0        16,678,953          214,658            25,840         1,917,077                 0        164,642                         74     0
       100     2,597,600         192,404,517             56,918                   0                  0        17,136,104          214,658            25,976         1,923,475                 0        169,214                         74     0
       100     2,611,200         193,056,176             56,918                   0                  0        16,228,377          214,658            26,112         1,929,992                 0        160,137                         73     0
       100     2,624,800         193,702,775             56,918                   0                  0        17,474,351          214,658            26,248         1,936,458                 0        172,596                         73     0
       100     2,638,400         194,356,172             56,918                   0                  0        18,170,110          214,658            26,384         1,942,992                 0        179,554                         73     0
       100     2,652,000         195,002,772             56,918                   0                  0        15,864,587          214,658            26,520         1,949,458                 0        156,499                         73     0
       100     2,665,600         195,656,175             56,918                   0                  0        17,367,650          214,658            26,656         1,955,992                 0        171,529                         73     0
       100     2,679,200         196,306,145             56,918                   0                  0        15,628,465          214,658            26,792         1,962,492                 0        154,138                         73     0
       100     2,692,800         196,954,437             56,918                   0                  0        15,527,494          214,658            26,928         1,968,975                 0        153,128                         73     0
       100     2,706,400         197,590,872             56,918                   0                  0        16,921,900          214,658            27,064         1,975,339                 0        167,072                         72     0
       100     2,720,000         198,245,975             56,918                   0                  0        16,544,704          214,658            27,200         1,981,890                 0        163,300                         72     0
       100     2,733,600         198,890,873             56,918                   0                  0        16,232,491          214,658            27,336         1,988,339                 0        160,178                         72     0
       100     2,747,200         199,542,569             56,918                   0                  0        14,712,275          214,658            27,472         1,994,856                 0        144,976                         72     0
       100     2,760,800         200,194,245             56,918                   0                  0        14,980,303          214,658            27,608         2,001,373                 0        147,656                         72     0
       100     2,774,400         200,837,445             56,918                   0                  0        15,998,858          214,658            27,744         2,007,805                 0        157,842                         72     0
       100     2,788,000         201,484,041             56,918                   0                  0        15,130,357          214,658            27,880         2,014,271                 0        149,156                         72     0
       100     2,801,600         202,134,040             56,918                   0                  0        14,159,964          214,658            28,016         2,020,771                 0        139,453                         72     0
       100     2,815,200         202,784,047             56,918                   0                  0        13,811,065          214,658            28,152         2,027,271                 0        135,964                         72     0
       100     2,828,800         203,428,944             56,918                   0                  0        14,202,845          214,658            28,288         2,033,720                 0        139,881                         71     0
       100     2,842,400         204,080,643             56,918                   0                  0        15,544,331          214,658            28,424         2,040,237                 0        153,296                         71     0
       100     2,856,000         204,728,963             56,918                   0                  0        15,083,793          214,658            28,560         2,046,720                 0        148,691                         71     0
       100     2,869,600         205,375,548             56,918                   0                  0        18,025,157          214,658            28,696         2,053,186                 0        178,104                         71     0
       100     2,883,200         206,023,845             56,918                   0                  0        17,724,737          214,658            28,832         2,059,669                 0        175,100                         71     0
       100     2,896,800         206,670,445             56,918                   0                  0        16,606,627          214,658            28,968         2,066,135                 0        163,919                         71     0
       100     2,910,400         207,318,748             56,918                   0                  0        16,856,972          214,658            29,104         2,072,618                 0        166,423                         71     0
       100     2,924,000         207,968,746             56,918                   0                  0        15,916,799          214,658            29,240         2,079,118                 0        157,021                         71     0
       100     2,937,600         208,620,443             56,918                   0                  0        16,300,614          214,658            29,376         2,085,635                 0        160,859                         70     0
       100     2,951,200         209,273,841             56,918                   0                  0        16,714,379          214,658            29,512         2,092,169                 0        164,997                         70     0
       100     2,964,800         209,917,048             56,918                   0                  0        16,107,681          214,658            29,648         2,098,601                 0        158,930                         70     0
       100     2,978,400         210,558,544             56,918                   0                  0        16,980,742          214,658            29,784         2,105,016                 0        167,660                         70     0
       100     2,992,000         211,206,844             56,918                   0                  0        18,826,500          214,658            29,920         2,111,499                 0        186,118                         70     0
       100     3,005,600         211,861,945             56,918                   0                  0        17,869,068          214,658            30,056         2,118,050                 0        176,544                         70     0
       100     3,019,200         212,508,540             56,918                   0                  0        18,445,450          214,658            30,192         2,124,516                 0        182,307                         70     0
       100     3,032,800         213,158,543             56,918                   0                  0        18,216,655          214,658            30,328         2,131,016                 0        180,019                         70     0
       100     3,046,400         213,801,748             56,918                   0                  0        16,868,034          214,658            30,464         2,137,448                 0        166,533                         70     0
       100     3,060,000         214,455,163             56,918                   0                  0        16,540,765          214,658            30,600         2,143,982                 0        163,261                         70     0
       100     3,073,600         215,094,942             56,918                   0                  0        18,260,189          214,658            30,736         2,150,380                 0        180,455                         69     0
       100     3,087,200         215,746,649             56,918                   0                  0        26,184,270          214,658            30,872         2,156,897                 0        259,696                         69     0
       100     3,100,800         216,396,646             56,918                   0                  0        20,624,838          214,658            31,008         2,163,397                 0        204,101                         69     0
       100     3,114,400         217,050,074             56,918                   0                  0        19,323,271          214,658            31,144         2,169,931                 0        191,086                         69     0
       100     3,128,000         217,694,979             56,918                   0                  0        18,026,577          214,658            31,280         2,176,380                 0        178,119                         69     0
       100     3,141,600         218,338,176             56,918                   0                  0        18,146,037          214,658            31,416         2,182,812                 0        179,313                         69     0
       100     3,155,200         218,991,576             56,918                   0                  0        18,957,863          214,658            31,552         2,189,346                 0        187,432                         69     0
       100     3,168,800         219,644,975             56,918                   0                  0        16,811,175          214,658            31,688         2,195,880                 0        165,965                         69     0
       100     3,182,400         220,284,769             56,918                   0                  0        18,790,137          214,658            31,824         2,202,278                 0        185,754                         69     0
       100     3,196,000         220,936,474             56,918                   0                  0        18,850,830          214,658            31,960         2,208,795                 0        186,361                         69     0
       100     3,209,600         221,583,075             56,918                   0                  0        17,423,554          214,658            32,096         2,215,261                 0        172,088                         69     0
       100     3,223,200         222,233,069             56,918                   0                  0        17,435,045          214,658            32,232         2,221,761                 0        172,203                         68     0
       100     3,236,800         222,877,977             56,918                   0                  0        17,843,138          214,658            32,368         2,228,210                 0        176,284                         68     0
       100     3,250,400         223,533,074             56,918                   0                  0        17,160,125          214,658            32,504         2,234,761                 0        169,454                         68     0
       100     3,264,000         224,177,835             56,918                   0                  0        19,498,709          214,658            32,640         2,241,209                 0        192,840                         68     0

Contract(VerifyMlDsa44Sig) cpu: MeteredCostComponent { const_term: 685165, lin_term: ScaledU64(6103) }, R2 score: 0.9999999787692296
Contract(VerifyMlDsa44Sig) mem: MeteredCostComponent { const_term: 0, lin_term: ScaledU64(0) }, R2 score: NaN

Measuring costs for CostType::Contract(VerifyMlDsa65Sig)


Measuring costs for CostType::Contract(VerifyMlDsa65Sig)

iterations        inputs     cpu_insns_total     cpu_insns_base     mem_bytes_total     mem_bytes_base     time_ns_total     time_ns_base     ave_net_input     ave_net_insns     ave_net_bytes     ave_net_ns     ave_net_insn_per_input     ave_net_bytes_per_input
       100             0          98,433,762             71,827                   0                  0        11,224,389           86,654                 0           983,619                 0        111,377                    983,619     0
       100        13,600          99,094,261             71,827                   0                  0         8,158,977           86,654               136           990,224                 0         80,723                      7,281     0
       100        27,200          99,744,564             71,827                   0                  0        10,388,604           86,654               272           996,727                 0        103,019                      3,664     0
       100        40,800         100,386,060             71,827                   0                  0         8,267,181           86,654               408         1,003,142                 0         81,805                      2,458     0
       100        54,400         101,036,051             71,827                   0                  0        10,871,919           86,654               544         1,009,642                 0        107,852                      1,855     0
       100        68,000         101,686,057             71,827                   0                  0         8,715,103           86,654               680         1,016,142                 0         86,284                      1,494     0
       100        81,600         102,337,763             71,827                   0                  0        11,556,181           86,654               816         1,022,659                 0        114,695                      1,253     0
       100        95,200         102,980,948             71,827                   0                  0         8,063,171           86,654               952         1,029,091                 0         79,765                      1,080     0
       100       108,800         103,637,753             71,827                   0                  0         9,873,451           86,654             1,088         1,035,659                 0         97,867                        951     0
       100       122,400         104,282,652             71,827                   0                  0         9,737,307           86,654             1,224         1,042,108                 0         96,506                        851     0
       100       136,000         104,934,352             71,827                   0                  0         8,766,536           86,654             1,360         1,048,625                 0         86,798                        771     0
       100       149,600         105,580,957             71,827                   0                  0        10,961,293           86,654             1,496         1,055,091                 0        108,746                        705     0
       100       163,200         106,227,550             71,827                   0                  0         9,186,708           86,654             1,632         1,061,557                 0         91,000                        650     0
       100       176,800         106,874,149             71,827                   0                  0        12,246,338           86,654             1,768         1,068,023                 0        121,596                        604     0
       100       190,400         107,524,162             71,827                   0                  0         9,419,461           86,654             1,904         1,074,523                 0         93,328                        564     0
       100       204,000         108,165,648             71,827                   0                  0         9,921,771           86,654             2,040         1,080,938                 0         98,351                        529     0
       100       217,600         108,813,945             71,827                   0                  0        12,046,284           86,654             2,176         1,087,421                 0        119,596                        499     0
       100       231,200         109,465,646             71,827                   0                  0         8,911,893           86,654             2,312         1,093,938                 0         88,252                        473     0
       100       244,800         110,110,544             71,827                   0                  0        10,618,776           86,654             2,448         1,100,387                 0        105,321                        449     0
       100       258,400         110,767,351             71,827                   0                  0        11,678,907           86,654             2,584         1,106,955                 0        115,922                        428     0
       100       272,000         111,412,248             71,827                   0                  0         9,482,247           86,654             2,720         1,113,404                 0         93,955                        409     0
       100       285,600         112,050,343             71,827                   0                  0        11,674,032           86,654             2,856         1,119,785                 0        115,873                        392     0
       100       299,200         112,703,743             71,827                   0                  0        11,489,465           86,654             2,992         1,126,319                 0        114,028                        376     0
       100       312,800         113,358,848             71,827                   0                  0        10,057,820           86,654             3,128         1,132,870                 0         99,711                        362     0
       100       326,400         113,998,645             71,827                   0                  0        11,078,303           86,654             3,264         1,139,268                 0        109,916                        349     0
       100       340,000         114,650,340             71,827                   0                  0         9,461,829           86,654             3,400         1,145,785                 0         93,751                        336     0
       100       353,600         115,298,649             71,827                   0                  0         9,206,636           86,654             3,536         1,152,268                 0         91,199                        325     0
       100       367,200         115,946,947             71,827                   0                  0        10,084,173           86,654             3,672         1,158,751                 0         99,975                        315     0
       100       380,800         116,598,648             71,827                   0                  0         9,572,730           86,654             3,808         1,165,268                 0         94,860                        306     0
       100       394,400         117,236,722             71,827                   0                  0         8,710,896           86,654             3,944         1,171,648                 0         86,242                        297     0
       100       408,000         117,900,346             71,827                   0                  0         8,764,645           86,654             4,080         1,178,285                 0         86,779                        288     0
       100       421,600         118,540,141             71,827                   0                  0         9,177,853           86,654             4,216         1,184,683                 0         90,911                        280     0
       100       435,200         119,191,839             71,827                   0                  0         8,800,417           86,654             4,352         1,191,200                 0         87,137                        273     0
       100       448,800         119,836,742             71,827                   0                  0         8,498,786           86,654             4,488         1,197,649                 0         84,121                        266     0
       100       462,400         120,479,944             71,827                   0                  0         8,498,728           86,654             4,624         1,204,081                 0         84,120                        260     0
       100       476,000         121,128,246             71,827                   0                  0         8,568,752           86,654             4,760         1,210,564                 0         84,820                        254     0
       100       489,600         121,779,946             71,827                   0                  0         9,178,145           86,654             4,896         1,217,081                 0         90,914                        248     0
       100       503,200         122,435,050             71,827                   0                  0         9,290,312           86,654             5,032         1,223,632                 0         92,036                        243     0
       100       516,800         123,073,151             71,827                   0                  0         8,956,694           86,654             5,168         1,230,013                 0         88,700                        238     0
       100       530,400         123,731,644             71,827                   0                  0         8,836,366           86,654             5,304         1,236,598                 0         87,497                        233     0
       100       544,000         124,379,942             71,827                   0                  0         8,981,921           86,654             5,440         1,243,081                 0         88,952                        228     0
       100       557,600         125,018,048             71,827                   0                  0         9,083,575           86,654             5,576         1,249,462                 0         89,969                        224     0
       100       571,200         125,669,744             71,827                   0                  0         8,809,605           86,654             5,712         1,255,979                 0         87,229                        219     0
       100       584,800         126,321,440             71,827                   0                  0         8,725,881           86,654             5,848         1,262,496                 0         86,392                        215     0
       100       598,400         126,966,342             71,827                   0                  0         8,818,399           86,654             5,984         1,268,945                 0         87,317                        212     0
       100       612,000         127,619,749             71,827                   0                  0         8,814,807           86,654             6,120         1,275,479                 0         87,281                        208     0
       100       625,600         128,264,642             71,827                   0                  0         8,937,104           86,654             6,256         1,281,928                 0         88,504                        204     0
       100       639,200         128,918,034             71,827                   0                  0         9,201,859           86,654             6,392         1,288,462                 0         91,152                        201     0
       100       652,800         129,561,181             71,827                   0                  0         9,178,720           86,654             6,528         1,294,893                 0         90,920                        198     0
       100       666,400         130,211,251             71,827                   0                  0         9,129,368           86,654             6,664         1,301,394                 0         90,427                        195     0
       100       680,000         130,861,246             71,827                   0                  0         9,549,596           86,654             6,800         1,307,894                 0         94,629                        192     0
       100       693,600         131,506,143             71,827                   0                  0         8,987,370           86,654             6,936         1,314,343                 0         89,007                        189     0
       100       707,200         132,161,254             71,827                   0                  0         9,974,985           86,654             7,072         1,320,894                 0         98,883                        186     0
       100       720,800         132,802,751             71,827                   0                  0        11,066,713           86,654             7,208         1,327,309                 0        109,800                        184     0
       100       734,400         133,452,740             71,827                   0                  0        10,961,712           86,654             7,344         1,333,809                 0        108,750                        181     0
       100       748,000         134,107,841             71,827                   0                  0        10,353,937           86,654             7,480         1,340,360                 0        102,672                        179     0
       100       761,600         134,751,045             71,827                   0                  0        10,933,619           86,654             7,616         1,346,792                 0        108,469                        176     0
       100       775,200         135,401,044             71,827                   0                  0         9,636,585           86,654             7,752         1,353,292                 0         95,499                        174     0
       100       788,800         136,051,050             71,827                   0                  0        10,279,747           86,654             7,888         1,359,792                 0        101,930                        172     0
       100       802,400         136,697,649             71,827                   0                  0        10,410,720           86,654             8,024         1,366,258                 0        103,240                        170     0
       100       816,000         137,342,543             71,827                   0                  0        11,612,954           86,654             8,160         1,372,707                 0        115,263                        168     0
       100       829,600         137,994,249             71,827                   0                  0        11,413,552           86,654             8,296         1,379,224                 0        113,268                        166     0
       100       843,200         138,630,642             71,827                   0                  0        10,932,068           86,654             8,432         1,385,588                 0        108,454                        164     0
       100       856,800         139,282,281             71,827                   0                  0        11,307,496           86,654             8,568         1,392,104                 0        112,208                        162     0
       100       870,400         139,932,346             71,827                   0                  0        10,643,367           86,654             8,704         1,398,605                 0        105,567                        160     0
       100       884,000         140,585,746             71,827                   0                  0        10,584,254           86,654             8,840         1,405,139                 0        104,976                        158     0
       100       897,600         141,228,947             71,827                   0                  0        11,440,173           86,654             8,976         1,411,571                 0        113,535                        157     0
       100       911,200         141,878,937             71,827                   0                  0        12,065,058           86,654             9,112         1,418,071                 0        119,784                        155     0
       100       924,800         142,525,540             71,827                   0                  0        11,831,224           86,654             9,248         1,424,537                 0        117,445                        154     0
       100       938,400         143,175,547             71,827                   0                  0        12,003,182           86,654             9,384         1,431,037                 0        119,165                        152     0
       100       952,000         143,827,227             71,827                   0                  0        12,228,631           86,654             9,520         1,437,554                 0        121,419                        151     0
       100       965,600         144,472,148             71,827                   0                  0        13,150,330           86,654             9,656         1,444,003                 0        130,636                        149     0
       100       979,200         145,120,444             71,827                   0                  0        11,710,265           86,654             9,792         1,450,486                 0        116,236                        148     0
       100       992,800         145,767,045             71,827                   0                  0        11,957,944           86,654             9,928         1,456,952                 0        118,712                        146     0
       100     1,006,400         146,420,451             71,827                   0                  0        14,008,276           86,654            10,064         1,463,486                 0        139,216                        145     0
       100     1,020,000         147,072,143             71,827                   0                  0        14,310,507           86,654            10,200         1,470,003                 0        142,238                        144     0
       100     1,033,600         147,710,242             71,827                   0                  0        16,629,750           86,654            10,336         1,476,384                 0        165,430                        142     0
       100     1,047,200         148,361,942             71,827                   0                  0        14,679,557           86,654            10,472         1,482,901                 0        145,929                        141     0
       100     1,060,800         149,011,938             71,827                   0                  0        15,108,539           86,654            10,608         1,489,401                 0        150,218                        140     0
       100     1,074,400         149,660,245             71,827                   0                  0        16,846,837           86,654            10,744         1,495,884                 0        167,601                        139     0
       100     1,088,000         150,306,845             71,827                   0                  0        13,276,450           86,654            10,880         1,502,350                 0        131,897                        138     0
       100     1,101,600         150,950,045             71,827                   0                  0        13,098,035           86,654            11,016         1,508,782                 0        130,113                        136     0
       100     1,115,200         151,605,123             71,827                   0                  0        14,242,391           86,654            11,152         1,515,332                 0        141,557                        135     0
       100     1,128,800         152,253,446             71,827                   0                  0        12,068,220           86,654            11,288         1,521,816                 0        119,815                        134     0
       100     1,142,400         152,900,038             71,827                   0                  0        15,482,406           86,654            11,424         1,528,282                 0        153,957                        133     0
       100     1,156,000         153,544,947             71,827                   0                  0        21,221,700           86,654            11,560         1,534,731                 0        211,350                        132     0
       100     1,169,600         154,194,948             71,827                   0                  0        15,488,860           86,654            11,696         1,541,231                 0        154,022                        131     0
       100     1,183,200         154,846,650             71,827                   0                  0        14,919,067           86,654            11,832         1,547,748                 0        148,324                        130     0
       100     1,196,800         155,484,748             71,827                   0                  0        14,910,179           86,654            11,968         1,554,129                 0        148,235                        129     0
       100     1,210,400         156,148,348             71,827                   0                  0        14,957,734           86,654            12,104         1,560,765                 0        148,710                        128     0
       100     1,224,000         156,793,237             71,827                   0                  0        14,120,774           86,654            12,240         1,567,214                 0        140,341                        128     0
       100     1,237,600         157,433,050             71,827                   0                  0        16,705,347           86,654            12,376         1,573,612                 0        166,186                        127     0
       100     1,251,200         158,084,746             71,827                   0                  0        17,056,455           86,654            12,512         1,580,129                 0        169,698                        126     0
       100     1,264,800         158,734,742             71,827                   0                  0        14,150,491           86,654            12,648         1,586,629                 0        140,638                        125     0
       100     1,278,400         159,379,642             71,827                   0                  0        14,818,548           86,654            12,784         1,593,078                 0        147,318                        124     0
       100     1,292,000         160,031,345             71,827                   0                  0        14,499,512           86,654            12,920         1,599,595                 0        144,128                        123     0
       100     1,305,600         160,686,442             71,827                   0                  0        13,611,427           86,654            13,056         1,606,146                 0        135,247                        123     0
       100     1,319,200         161,321,104             71,827                   0                  0        12,398,892           86,654            13,192         1,612,492                 0        123,122                        122     0
       100     1,332,800         161,969,450             71,827                   0                  0        11,523,549           86,654            13,328         1,618,976                 0        114,368                        121     0
       100     1,346,400         162,621,145             71,827                   0                  0        11,378,695           86,654            13,464         1,625,493                 0        112,920                        120     0
       100     1,360,000         163,276,243             71,827                   0                  0        11,794,265           86,654            13,600         1,632,044                 0        117,076                        120     0
       100     1,373,600         163,924,537             71,827                   0                  0        12,582,029           86,654            13,736         1,638,527                 0        124,953                        119     0
       100     1,387,200         164,571,147             71,827                   0                  0        14,301,691           86,654            13,872         1,644,993                 0        142,150                        118     0
       100     1,400,800         165,216,050             71,827                   0                  0        12,737,568           86,654            14,008         1,651,442                 0        126,509                        117     0
       100     1,414,400         165,871,146             71,827                   0                  0        13,617,668           86,654            14,144         1,657,993                 0        135,310                        117     0
       100     1,428,000         166,516,037             71,827                   0                  0        12,512,708           86,654            14,280         1,664,442                 0        124,260                        116     0
       100     1,441,600         167,159,243             71,827                   0                  0        12,785,190           86,654            14,416         1,670,874                 0        126,985                        115     0
       100     1,455,200         167,812,633             71,827                   0                  0        14,125,093           86,654            14,552         1,677,408                 0        140,384                        115     0
       100     1,468,800         168,464,341             71,827                   0                  0        14,082,504           86,654            14,688         1,683,925                 0        139,958                        114     0
       100     1,482,400         169,099,044             71,827                   0                  0        14,376,872           86,654            14,824         1,690,272                 0        142,902                        114     0
       100     1,496,000         169,757,548             71,827                   0                  0        14,100,512           86,654            14,960         1,696,857                 0        140,138                        113     0
       100     1,509,600         170,407,543             71,827                   0                  0        13,128,185           86,654            15,096         1,703,357                 0        130,415                        112     0
       100     1,523,200         171,047,403             71,827                   0                  0        13,197,988           86,654            15,232         1,709,755                 0        131,113                        112     0
       100     1,536,800         171,700,746             71,827                   0                  0        14,434,934           86,654            15,368         1,716,289                 0        143,482                        111     0
       100     1,550,400         172,343,946             71,827                   0                  0        12,565,319           86,654            15,504         1,722,721                 0        124,786                        111     0
       100     1,564,000         173,004,137             71,827                   0                  0        12,299,889           86,654            15,640         1,729,323                 0        122,132                        110     0
       100     1,577,600         173,649,039             71,827                   0                  0        14,101,060           86,654            15,776         1,735,772                 0        140,144                        110     0
       100     1,591,200         174,295,655             71,827                   0                  0        12,077,529           86,654            15,912         1,742,238                 0        119,908                        109     0
       100     1,604,800         174,942,251             71,827                   0                  0        13,365,080           86,654            16,048         1,748,704                 0        132,784                        108     0
       100     1,618,400         175,592,243             71,827                   0                  0        12,811,612           86,654            16,184         1,755,204                 0        127,249                        108     0
       100     1,632,000         176,235,443             71,827                   0                  0        13,716,763           86,654            16,320         1,761,636                 0        136,301                        107     0
       100     1,645,600         176,885,421             71,827                   0                  0        12,904,660           86,654            16,456         1,768,135                 0        128,180                        107     0
       100     1,659,200         177,537,151             71,827                   0                  0        12,300,662           86,654            16,592         1,774,653                 0        122,140                        106     0
       100     1,672,800         178,183,744             71,827                   0                  0        12,578,011           86,654            16,728         1,781,119                 0        124,913                        106     0
       100     1,686,400         178,837,145             71,827                   0                  0        12,452,539           86,654            16,864         1,787,653                 0        123,658                        106     0
       100     1,700,000         179,473,548             71,827                   0                  0        12,254,954           86,654            17,000         1,794,017                 0        121,683                        105     0
       100     1,713,600         180,128,645             71,827                   0                  0        12,152,056           86,654            17,136         1,800,568                 0        120,654                        105     0
       100     1,727,200         180,783,801             71,827                   0                  0        12,443,555           86,654            17,272         1,807,119                 0        123,569                        104     0
       100     1,740,800         181,421,844             71,827                   0                  0        12,337,018           86,654            17,408         1,813,500                 0        122,503                        104     0
       100     1,754,400         182,068,448             71,827                   0                  0        12,310,360           86,654            17,544         1,819,966                 0        122,237                        103     0
       100     1,768,000         182,716,741             71,827                   0                  0        12,295,010           86,654            17,680         1,826,449                 0        122,083                        103     0
       100     1,781,600         183,380,350             71,827                   0                  0        12,960,545           86,654            17,816         1,833,085                 0        128,738                        102     0
       100     1,795,200         184,016,742             71,827                   0                  0        11,965,925           86,654            17,952         1,839,449                 0        118,792                        102     0
       100     1,808,800         184,663,346             71,827                   0                  0        13,711,149           86,654            18,088         1,845,915                 0        136,244                        102     0
       100     1,822,400         185,325,237             71,827                   0                  0        12,716,120           86,654            18,224         1,852,534                 0        126,294                        101     0
       100     1,836,000         185,961,639             71,827                   0                  0        12,990,682           86,654            18,360         1,858,898                 0        129,040                        101     0
       100     1,849,600         186,608,247             71,827                   0                  0        12,949,830           86,654            18,496         1,865,364                 0        128,631                        100     0
       100     1,863,200         187,261,659             71,827                   0                  0        12,313,723           86,654            18,632         1,871,898                 0        122,270                        100     0
       100     1,876,800         187,908,246             71,827                   0                  0        12,745,659           86,654            18,768         1,878,364                 0        126,590                        100     0
       100     1,890,400         188,554,840             71,827                   0                  0        13,421,806           86,654            18,904         1,884,830                 0        133,351                         99     0
       100     1,904,000         189,216,754             71,827                   0                  0        14,321,590           86,654            19,040         1,891,449                 0        142,349                         99     0
       100     1,917,600         189,851,450             71,827                   0                  0        13,770,836           86,654            19,176         1,897,796                 0        136,841                         98     0
       100     1,931,200         190,503,159             71,827                   0                  0        13,395,486           86,654            19,312         1,904,313                 0        133,088                         98     0
       100     1,944,800         191,149,743             71,827                   0                  0        13,231,892           86,654            19,448         1,910,779                 0        131,452                         98     0
       100     1,958,400         191,798,047             71,827                   0                  0        12,793,708           86,654            19,584         1,917,262                 0        127,070                         97     0
       100     1,972,000         192,441,245             71,827                   0                  0        12,622,623           86,654            19,720         1,923,694                 0        125,359                         97     0
       100     1,985,600         193,094,640             71,827                   0                  0        13,165,421           86,654            19,856         1,930,228                 0        130,787                         97     0
       100     1,999,200         193,741,242             71,827                   0                  0        12,854,253           86,654            19,992         1,936,694                 0        127,675                         96     0
       100     2,012,800         194,399,748             71,827                   0                  0        13,377,223           86,654            20,128         1,943,279                 0        132,905                         96     0
       100     2,026,400         195,037,845             71,827                   0                  0        13,904,716           86,654            20,264         1,949,660                 0        138,180                         96     0
       100     2,040,000         195,686,145             71,827                   0                  0        13,432,812           86,654            20,400         1,956,143                 0        133,461                         95     0
       100     2,053,600         196,339,551             71,827                   0                  0        13,522,295           86,654            20,536         1,962,677                 0        134,356                         95     0
       100     2,067,200         196,986,148             71,827                   0                  0        13,384,105           86,654            20,672         1,969,143                 0        132,974                         95     0
       100     2,080,800         197,634,441             71,827                   0                  0        13,431,875           86,654            20,808         1,975,626                 0        133,452                         94     0
       100     2,094,400         198,277,646             71,827                   0                  0        13,192,512           86,654            20,944         1,982,058                 0        131,058                         94     0
       100     2,108,000         198,927,645             71,827                   0                  0        12,876,987           86,654            21,080         1,988,558                 0        127,903                         94     0
       100     2,121,600         199,577,651             71,827                   0                  0        12,862,356           86,654            21,216         1,995,058                 0        127,757                         94     0
       100     2,135,200         200,222,516             71,827                   0                  0        13,119,073           86,654            21,352         2,001,506                 0        130,324                         93     0
       100     2,148,800         200,872,547             71,827                   0                  0        13,244,996           86,654            21,488         2,008,007                 0        131,583                         93     0
       100     2,162,400         201,529,346             71,827                   0                  0        13,548,603           86,654            21,624         2,014,575                 0        134,619                         93     0
       100     2,176,000         202,179,346             71,827                   0                  0        16,758,746           86,654            21,760         2,021,075                 0        166,720                         92     0
       100     2,189,600         202,825,946             71,827                   0                  0        15,236,652           86,654            21,896         2,027,541                 0        151,499                         92     0
       100     2,203,200         203,465,752             71,827                   0                  0        16,148,892           86,654            22,032         2,033,939                 0        160,622                         92     0
       100     2,216,800         204,115,748             71,827                   0                  0        16,944,219           86,654            22,168         2,040,439                 0        168,575                         92     0
       100     2,230,400         204,764,048             71,827                   0                  0        16,980,449           86,654            22,304         2,046,922                 0        168,937                         91     0
       100     2,244,000         205,414,047             71,827                   0                  0        17,284,895           86,654            22,440         2,053,422                 0        171,982                         91     0
       100     2,257,600         206,067,446             71,827                   0                  0        17,104,391           86,654            22,576         2,059,956                 0        170,177                         91     0
       100     2,271,200         206,705,545             71,827                   0                  0        16,710,898           86,654            22,712         2,066,337                 0        166,242                         90     0
       100     2,284,800         207,362,342             71,827                   0                  0        16,131,347           86,654            22,848         2,072,905                 0        160,446                         90     0
       100     2,298,400         208,000,447             71,827                   0                  0        17,727,820           86,654            22,984         2,079,286                 0        176,411                         90     0
       100     2,312,000         208,653,844             71,827                   0                  0        16,738,417           86,654            23,120         2,085,820                 0        166,517                         90     0
       100     2,325,600         209,314,052             71,827                   0                  0        16,521,251           86,654            23,256         2,092,422                 0        164,345                         89     0
       100     2,339,200         209,955,549             71,827                   0                  0        16,487,896           86,654            23,392         2,098,837                 0        164,012                         89     0
       100     2,352,800         210,603,842             71,827                   0                  0        17,037,448           86,654            23,528         2,105,320                 0        169,507                         89     0
       100     2,366,400         211,247,048             71,827                   0                  0        17,472,196           86,654            23,664         2,111,752                 0        173,855                         89     0
       100     2,380,000         211,897,047             71,827                   0                  0        17,391,190           86,654            23,800         2,118,252                 0        173,045                         89     0
       100     2,393,600         212,546,987             71,827                   0                  0        17,058,525           86,654            23,936         2,124,751                 0        169,718                         88     0
       100     2,407,200         213,190,249             71,827                   0                  0        17,793,863           86,654            24,072         2,131,184                 0        177,072                         88     0
       100     2,420,800         213,836,847             71,827                   0                  0        18,363,466           86,654            24,208         2,137,650                 0        182,768                         88     0
       100     2,434,400         214,490,247             71,827                   0                  0        17,578,481           86,654            24,344         2,144,184                 0        174,918                         88     0
       100     2,448,000         215,135,145             71,827                   0                  0        16,945,626           86,654            24,480         2,150,633                 0        168,589                         87     0
       100     2,461,600         215,780,045             71,827                   0                  0        17,453,534           86,654            24,616         2,157,082                 0        173,668                         87     0
       100     2,475,200         216,440,246             71,827                   0                  0        17,341,690           86,654            24,752         2,163,684                 0        172,550                         87     0
       100     2,488,800         217,078,349             71,827                   0                  0        17,715,981           86,654            24,888         2,170,065                 0        176,293                         87     0
       100     2,502,400         217,724,947             71,827                   0                  0        18,126,391           86,654            25,024         2,176,531                 0        180,397                         86     0
       100     2,516,000         218,373,251             71,827                   0                  0        17,869,461           86,654            25,160         2,183,014                 0        177,828                         86     0
       100     2,529,600         219,035,151             71,827                   0                  0        16,206,082           86,654            25,296         2,189,633                 0        161,194                         86     0
       100     2,543,200         219,673,240             71,827                   0                  0        15,431,200           86,654            25,432         2,196,014                 0        153,445                         86     0
       100     2,556,800         220,323,246             71,827                   0                  0        15,599,419           86,654            25,568         2,202,514                 0        155,127                         86     0
       100     2,570,400         220,973,250             71,827                   0                  0        15,401,354           86,654            25,704         2,209,014                 0        153,147                         85     0
       100     2,584,000         221,621,545             71,827                   0                  0        15,278,368           86,654            25,840         2,215,497                 0        151,917                         85     0
       100     2,597,600         222,269,906             71,827                   0                  0        15,441,441           86,654            25,976         2,221,980                 0        153,547                         85     0
       100     2,611,200         222,913,046             71,827                   0                  0        15,262,295           86,654            26,112         2,228,412                 0        151,756                         85     0
       100     2,624,800         223,566,449             71,827                   0                  0        14,976,248           86,654            26,248         2,234,946                 0        148,895                         85     0
       100     2,638,400         224,219,840             71,827                   0                  0        14,806,520           86,654            26,384         2,241,480                 0        147,198                         84     0
       100     2,652,000         224,864,743             71,827                   0                  0        14,908,290           86,654            26,520         2,247,929                 0        148,216                         84     0
       100     2,665,600         225,507,952             71,827                   0                  0        15,195,204           86,654            26,656         2,254,361                 0        151,085                         84     0
       100     2,679,200         226,159,646             71,827                   0                  0        15,155,259           86,654            26,792         2,260,878                 0        150,686                         84     0
       100     2,692,800         226,799,448             71,827                   0                  0        15,640,360           86,654            26,928         2,267,276                 0        155,537                         84     0
       100     2,706,400         227,461,348             71,827                   0                  0        14,870,411           86,654            27,064         2,273,895                 0        147,837                         84     0
       100     2,720,000         228,106,243             71,827                   0                  0        14,636,667           86,654            27,200         2,280,344                 0        145,500                         83     0
       100     2,733,600         228,751,150             71,827                   0                  0        14,551,751           86,654            27,336         2,286,793                 0        144,650                         83     0
       100     2,747,200         229,404,539             71,827                   0                  0        15,508,371           86,654            27,472         2,293,327                 0        154,217                         83     0
       100     2,760,800         230,042,646             71,827                   0                  0        15,014,969           86,654            27,608         2,299,708                 0        149,283                         83     0
       100     2,774,400         230,697,750             71,827                   0                  0        14,768,561           86,654            27,744         2,306,259                 0        146,819                         83     0
       100     2,788,000         231,346,044             71,827                   0                  0        14,747,639           86,654            27,880         2,312,742                 0        146,609                         82     0
       100     2,801,600         231,996,046             71,827                   0                  0        14,805,905           86,654            28,016         2,319,242                 0        147,192                         82     0
       100     2,815,200         232,644,346             71,827                   0                  0        15,016,798           86,654            28,152         2,325,725                 0        149,301                         82     0
       100     2,828,800         233,287,548             71,827                   0                  0        15,893,704           86,654            28,288         2,332,157                 0        158,070                         82     0
       100     2,842,400         233,940,945             71,827                   0                  0        15,724,276           86,654            28,424         2,338,691                 0        156,376                         82     0
       100     2,856,000         234,579,064             71,827                   0                  0        15,809,729           86,654            28,560         2,345,072                 0        157,230                         82     0
       100     2,869,600         235,234,154             71,827                   0                  0        15,912,436           86,654            28,696         2,351,623                 0        158,257                         81     0
       100     2,883,200         235,873,946             71,827                   0                  0        16,318,707           86,654            28,832         2,358,021                 0        162,320                         81     0
       100     2,896,800         236,529,055             71,827                   0                  0        16,844,202           86,654            28,968         2,364,572                 0        167,575                         81     0
       100     2,910,400         237,173,955             71,827                   0                  0        16,046,830           86,654            29,104         2,371,021                 0        159,601                         81     0
       100     2,924,000         237,832,448             71,827                   0                  0        16,492,739           86,654            29,240         2,377,606                 0        164,060                         81     0
       100     2,937,600         238,472,254             71,827                   0                  0        16,429,235           86,654            29,376         2,384,004                 0        163,425                         81     0
       100     2,951,200         239,122,256             71,827                   0                  0        17,095,257           86,654            29,512         2,390,504                 0        170,086                         81     0
       100     2,964,800         239,772,250             71,827                   0                  0        17,827,681           86,654            29,648         2,397,004                 0        177,410                         80     0
       100     2,978,400         240,418,850             71,827                   0                  0        18,030,282           86,654            29,784         2,403,470                 0        179,436                         80     0
       100     2,992,000         241,072,243             71,827                   0                  0        17,246,168           86,654            29,920         2,410,004                 0        171,595                         80     0
       100     3,005,600         241,717,159             71,827                   0                  0        18,654,450           86,654            30,056         2,416,453                 0        185,677                         80     0
       100     3,019,200         242,363,745             71,827                   0                  0        19,885,352           86,654            30,192         2,422,919                 0        197,986                         80     0
       100     3,032,800         243,017,153             71,827                   0                  0        16,779,581           86,654            30,328         2,429,453                 0        166,929                         80     0
       100     3,046,400         243,663,749             71,827                   0                  0        19,178,039           86,654            30,464         2,435,919                 0        190,913                         79     0
       100     3,060,000         244,310,367             71,827                   0                  0        19,235,498           86,654            30,600         2,442,385                 0        191,488                         79     0
       100     3,073,600         244,960,354             71,827                   0                  0        19,116,285           86,654            30,736         2,448,885                 0        190,296                         79     0
       100     3,087,200         245,608,647             71,827                   0                  0        19,099,100           86,654            30,872         2,455,368                 0        190,124                         79     0
       100     3,100,800         246,253,546             71,827                   0                  0        19,108,324           86,654            31,008         2,461,817                 0        190,216                         79     0
       100     3,114,400         246,905,257             71,827                   0                  0        19,056,633           86,654            31,144         2,468,334                 0        189,699                         79     0
       100     3,128,000         247,546,755             71,827                   0                  0        18,169,057           86,654            31,280         2,474,749                 0        180,824                         79     0
       100     3,141,600         248,201,853             71,827                   0                  0        18,271,324           86,654            31,416         2,481,300                 0        181,846                         78     0
       100     3,155,200         248,846,746             71,827                   0                  0        17,948,952           86,654            31,552         2,487,749                 0        178,622                         78     0
       100     3,168,800         249,501,855             71,827                   0                  0        16,688,438           86,654            31,688         2,494,300                 0        166,017                         78     0
       100     3,182,400         250,145,055             71,827                   0                  0        16,555,426           86,654            31,824         2,500,732                 0        164,687                         78     0
       100     3,196,000         250,795,050             71,827                   0                  0        16,434,953           86,654            31,960         2,507,232                 0        163,482                         78     0
       100     3,209,600         251,441,650             71,827                   0                  0        16,111,552           86,654            32,096         2,513,698                 0        160,248                         78     0
       100     3,223,200         252,089,949             71,827                   0                  0        16,389,640           86,654            32,232         2,520,181                 0        163,029                         78     0
       100     3,236,800         252,739,952             71,827                   0                  0        18,164,952           86,654            32,368         2,526,681                 0        180,782                         78     0
       100     3,250,400         253,388,253             71,827                   0                  0        19,458,202           86,654            32,504         2,533,164                 0        193,715                         77     0
       100     3,264,000         254,036,384             71,827                   0                  0        20,927,781           86,654            32,640         2,539,645                 0        208,411                         77     0

Contract(VerifyMlDsa65Sig) cpu: MeteredCostComponent { const_term: 983619, lin_term: ScaledU64(6103) }, R2 score: 0.9999999788620585
Contract(VerifyMlDsa65Sig) mem: MeteredCostComponent { const_term: 0, lin_term: ScaledU64(0) }, R2 score: NaN

Measuring costs for CostType::Contract(VerifyMlDsa87Sig)


Measuring costs for CostType::Contract(VerifyMlDsa87Sig)

iterations        inputs     cpu_insns_total     cpu_insns_base     mem_bytes_total     mem_bytes_base     time_ns_total     time_ns_base     ave_net_input     ave_net_insns     ave_net_bytes     ave_net_ns     ave_net_insn_per_input     ave_net_bytes_per_input
       100             0         143,810,252             89,240                   0                  0        14,595,725          175,645                 0         1,437,210                 0        144,200                  1,437,210     0
       100        13,600         144,472,453             89,240                   0                  0        14,516,060          175,645               136         1,443,832                 0        143,404                     10,616     0
       100        27,200         145,105,753             89,240                   0                  0        14,076,015          175,645               272         1,450,165                 0        139,003                      5,331     0
       100        40,800         145,759,154             89,240                   0                  0        16,572,464          175,645               408         1,456,699                 0        163,968                      3,570     0
       100        54,400         146,404,045             89,240                   0                  0        16,326,831          175,645               544         1,463,148                 0        161,511                      2,689     0
       100        68,000         147,060,851             89,240                   0                  0        14,128,958          175,645               680         1,469,716                 0        139,533                      2,161     0
       100        81,600         147,705,756             89,240                   0                  0        12,762,827          175,645               816         1,476,165                 0        125,871                      1,809     0
       100        95,200         148,350,646             89,240                   0                  0        11,759,645          175,645               952         1,482,614                 0        115,840                      1,557     0
       100       108,800         148,995,548             89,240                   0                  0        12,045,052          175,645             1,088         1,489,063                 0        118,694                      1,368     0
       100       122,400         149,648,946             89,240                   0                  0        11,574,514          175,645             1,224         1,495,597                 0        113,988                      1,221     0
       100       136,000         150,297,244             89,240                   0                  0        11,208,644          175,645             1,360         1,502,080                 0        110,329                      1,104     0
       100       149,600         150,943,844             89,240                   0                  0        11,002,945          175,645             1,496         1,508,546                 0        108,273                      1,008     0
       100       163,200         151,595,541             89,240                   0                  0        10,962,801          175,645             1,632         1,515,063                 0        107,871                        928     0
       100       176,800         152,245,552             89,240                   0                  0        11,257,089          175,645             1,768         1,521,563                 0        110,814                        860     0
       100       190,400         152,890,466             89,240                   0                  0        11,220,328          175,645             1,904         1,528,012                 0        110,446                        802     0
       100       204,000         153,552,349             89,240                   0                  0        11,125,702          175,645             2,040         1,534,631                 0        109,500                        752     0
       100       217,600         154,183,646             89,240                   0                  0        11,277,560          175,645             2,176         1,540,944                 0        111,019                        708     0
       100       231,200         154,838,750             89,240                   0                  0        11,746,346          175,645             2,312         1,547,495                 0        115,707                        669     0
       100       244,800         155,490,438             89,240                   0                  0        11,949,567          175,645             2,448         1,554,011                 0        117,739                        634     0
       100       258,400         156,125,146             89,240                   0                  0        11,998,264          175,645             2,584         1,560,359                 0        118,226                        603     0
       100       272,000         156,792,146             89,240                   0                  0        12,065,990          175,645             2,720         1,567,029                 0        118,903                        576     0
       100       285,600         157,425,146             89,240                   0                  0        11,895,287          175,645             2,856         1,573,359                 0        117,196                        550     0
       100       299,200         158,076,848             89,240                   0                  0        12,073,828          175,645             2,992         1,579,876                 0        118,981                        528     0
       100       312,800         158,721,746             89,240                   0                  0        11,874,712          175,645             3,128         1,586,325                 0        116,990                        507     0
       100       326,400         159,368,344             89,240                   0                  0        11,496,313          175,645             3,264         1,592,791                 0        113,206                        487     0
       100       340,000         160,023,440             89,240                   0                  0        11,309,697          175,645             3,400         1,599,342                 0        111,340                        470     0
       100       353,600         160,661,542             89,240                   0                  0        11,270,694          175,645             3,536         1,605,723                 0        110,950                        454     0
       100       367,200         161,323,432             89,240                   0                  0        12,058,988          175,645             3,672         1,612,341                 0        118,833                        439     0
       100       380,800         161,964,942             89,240                   0                  0        14,440,357          175,645             3,808         1,618,757                 0        142,647                        425     0
       100       394,400         162,618,304             89,240                   0                  0        14,213,688          175,645             3,944         1,625,290                 0        140,380                        412     0
       100       408,000         163,263,241             89,240                   0                  0        13,448,767          175,645             4,080         1,631,740                 0        132,731                        399     0
       100       421,600         163,909,826             89,240                   0                  0        14,570,470          175,645             4,216         1,638,205                 0        143,948                        388     0
       100       435,200         164,554,728             89,240                   0                  0        12,113,581          175,645             4,352         1,644,654                 0        119,379                        377     0
       100       448,800         165,201,341             89,240                   0                  0        15,091,260          175,645             4,488         1,651,121                 0        149,156                        367     0
       100       462,400         165,859,843             89,240                   0                  0        15,406,138          175,645             4,624         1,657,706                 0        152,304                        358     0
       100       476,000         166,504,737             89,240                   0                  0        14,233,623          175,645             4,760         1,664,154                 0        140,579                        349     0
       100       489,600         167,151,342             89,240                   0                  0        12,700,748          175,645             4,896         1,670,621                 0        125,251                        341     0
       100       503,200         167,797,947             89,240                   0                  0        14,182,944          175,645             5,032         1,677,087                 0        140,072                        333     0
       100       516,800         168,451,337             89,240                   0                  0        14,211,736          175,645             5,168         1,683,620                 0        140,360                        325     0
       100       530,400         169,103,030             89,240                   0                  0        12,828,683          175,645             5,304         1,690,137                 0        126,530                        318     0
       100       544,000         169,741,137             89,240                   0                  0        12,277,810          175,645             5,440         1,696,518                 0        121,021                        311     0
       100       557,600         170,396,244             89,240                   0                  0        12,490,176          175,645             5,576         1,703,070                 0        123,145                        305     0
       100       571,200         171,036,040             89,240                   0                  0        12,575,557          175,645             5,712         1,709,468                 0        123,999                        299     0
       100       584,800         171,699,642             89,240                   0                  0        13,772,105          175,645             5,848         1,716,104                 0        135,964                        293     0
       100       598,400         172,339,447             89,240                   0                  0        13,602,508          175,645             5,984         1,722,502                 0        134,268                        287     0
       100       612,000         172,987,744             89,240                   0                  0        12,902,685          175,645             6,120         1,728,985                 0        127,270                        282     0
       100       625,600         173,642,842             89,240                   0                  0        14,018,799          175,645             6,256         1,735,536                 0        138,431                        277     0
       100       639,200         174,292,839             89,240                   0                  0        13,338,236          175,645             6,392         1,742,035                 0        131,625                        272     0
       100       652,800         174,925,766             89,240                   0                  0        12,778,631          175,645             6,528         1,748,365                 0        126,029                        267     0
       100       666,400         175,582,646             89,240                   0                  0        12,465,480          175,645             6,664         1,754,934                 0        122,898                        263     0
       100       680,000         176,236,037             89,240                   0                  0        12,483,801          175,645             6,800         1,761,467                 0        123,081                        259     0
       100       693,600         176,875,839             89,240                   0                  0        12,785,325          175,645             6,936         1,767,865                 0        126,096                        254     0
       100       707,200         177,534,342             89,240                   0                  0        12,598,663          175,645             7,072         1,774,451                 0        124,230                        250     0
       100       720,800         178,177,532             89,240                   0                  0        12,653,038          175,645             7,208         1,780,882                 0        124,773                        247     0
       100       734,400         178,820,731             89,240                   0                  0        12,837,369          175,645             7,344         1,787,314                 0        126,617                        243     0
       100       748,000         179,479,222             89,240                   0                  0        12,654,155          175,645             7,480         1,793,899                 0        124,785                        239     0
       100       761,600         180,112,236             89,240                   0                  0        12,186,647          175,645             7,616         1,800,229                 0        120,110                        236     0
       100       775,200         180,770,738             89,240                   0                  0        12,386,680          175,645             7,752         1,806,814                 0        122,110                        233     0
       100       788,800         181,422,442             89,240                   0                  0        12,511,782          175,645             7,888         1,813,332                 0        123,361                        229     0
       100       802,400         182,063,944             89,240                   0                  0        12,312,143          175,645             8,024         1,819,747                 0        121,364                        226     0
       100       816,000         182,710,536             89,240                   0                  0        12,995,507          175,645             8,160         1,826,212                 0        128,198                        223     0
       100       829,600         183,367,336             89,240                   0                  0        16,738,127          175,645             8,296         1,832,780                 0        165,624                        220     0
       100       843,200         184,003,733             89,240                   0                  0        16,124,895          175,645             8,432         1,839,144                 0        159,492                        218     0
       100       856,800         184,660,621             89,240                   0                  0        13,835,190          175,645             8,568         1,845,713                 0        136,595                        215     0
       100       870,400         185,308,843             89,240                   0                  0        14,082,380          175,645             8,704         1,852,196                 0        139,067                        212     0
       100       884,000         185,952,043             89,240                   0                  0        15,707,716          175,645             8,840         1,858,628                 0        155,320                        210     0
       100       897,600         186,612,234             89,240                   0                  0        14,431,374          175,645             8,976         1,865,229                 0        142,557                        207     0
       100       911,200         187,246,935             89,240                   0                  0        15,469,566          175,645             9,112         1,871,576                 0        152,939                        205     0
       100       924,800         187,893,539             89,240                   0                  0        14,136,263          175,645             9,248         1,878,042                 0        139,606                        203     0
       100       938,400         188,540,129             89,240                   0                  0        16,113,099          175,645             9,384         1,884,508                 0        159,374                        200     0
       100       952,000         189,190,135             89,240                   0                  0        13,872,973          175,645             9,520         1,891,008                 0        136,973                        198     0
       100       965,600         189,836,736             89,240                   0                  0        13,737,697          175,645             9,656         1,897,474                 0        135,620                        196     0
       100       979,200         190,502,038             89,240                   0                  0        13,638,423          175,645             9,792         1,904,127                 0        134,627                        194     0
       100       992,800         191,136,737             89,240                   0                  0        13,718,058          175,645             9,928         1,910,474                 0        135,424                        192     0
       100     1,006,400         191,795,240             89,240                   0                  0        13,672,326          175,645            10,064         1,917,060                 0        134,966                        190     0
       100     1,020,000         192,435,036             89,240                   0                  0        13,792,692          175,645            10,200         1,923,457                 0        136,170                        188     0
       100     1,033,600         193,081,630             89,240                   0                  0        13,805,014          175,645            10,336         1,929,923                 0        136,293                        186     0
       100     1,047,200         193,736,725             89,240                   0                  0        13,814,893          175,645            10,472         1,936,474                 0        136,392                        184     0
       100     1,060,800         194,383,326             89,240                   0                  0        15,173,390          175,645            10,608         1,942,940                 0        149,977                        183     0
       100     1,074,400         195,033,341             89,240                   0                  0        14,438,589          175,645            10,744         1,949,441                 0        142,629                        181     0
       100     1,088,000         195,673,143             89,240                   0                  0        15,086,703          175,645            10,880         1,955,839                 0        149,110                        179     0
       100     1,101,600         196,323,142             89,240                   0                  0        14,473,679          175,645            11,016         1,962,339                 0        142,980                        178     0
       100     1,115,200         196,976,504             89,240                   0                  0        14,787,430          175,645            11,152         1,968,872                 0        146,117                        176     0
       100     1,128,800         197,636,736             89,240                   0                  0        13,735,049          175,645            11,288         1,975,474                 0        135,594                        175     0
       100     1,142,400         198,268,023             89,240                   0                  0        13,873,620          175,645            11,424         1,981,787                 0        136,979                        173     0
       100     1,156,000         198,931,626             89,240                   0                  0        14,083,485          175,645            11,560         1,988,423                 0        139,078                        172     0
       100     1,169,600         199,564,631             89,240                   0                  0        14,213,838          175,645            11,696         1,994,753                 0        140,381                        170     0
       100     1,183,200         200,216,341             89,240                   0                  0        15,624,102          175,645            11,832         2,001,271                 0        154,484                        169     0
       100     1,196,800         200,857,841             89,240                   0                  0        16,230,696          175,645            11,968         2,007,686                 0        160,550                        167     0
       100     1,210,400         201,516,343             89,240                   0                  0        15,689,705          175,645            12,104         2,014,271                 0        155,140                        166     0
       100     1,224,000         202,161,229             89,240                   0                  0        15,304,391          175,645            12,240         2,020,719                 0        151,287                        165     0
       100     1,237,600         202,801,037             89,240                   0                  0        14,852,025          175,645            12,376         2,027,117                 0        146,763                        163     0
       100     1,251,200         203,466,339             89,240                   0                  0        14,281,099          175,645            12,512         2,033,770                 0        141,054                        162     0
       100     1,264,800         204,102,735             89,240                   0                  0        14,248,570          175,645            12,648         2,040,134                 0        140,729                        161     0
       100     1,278,400         204,757,842             89,240                   0                  0        14,307,342          175,645            12,784         2,046,686                 0        141,316                        160     0
       100     1,292,000         205,399,335             89,240                   0                  0        14,782,773          175,645            12,920         2,053,100                 0        146,071                        158     0
       100     1,305,600         206,049,339             89,240                   0                  0        14,489,965          175,645            13,056         2,059,600                 0        143,143                        157     0
       100     1,319,200         206,695,892             89,240                   0                  0        14,205,415          175,645            13,192         2,066,066                 0        140,297                        156     0
       100     1,332,800         207,352,739             89,240                   0                  0        13,961,646          175,645            13,328         2,072,634                 0        137,860                        155     0
       100     1,346,400         208,007,820             89,240                   0                  0        13,621,332          175,645            13,464         2,079,185                 0        134,456                        154     0
       100     1,360,000         208,645,929             89,240                   0                  0        14,110,594          175,645            13,600         2,085,566                 0        139,349                        153     0
       100     1,373,600         209,297,635             89,240                   0                  0        15,927,741          175,645            13,736         2,092,083                 0        157,520                        152     0
       100     1,387,200         209,939,139             89,240                   0                  0        16,105,671          175,645            13,872         2,098,498                 0        159,300                        151     0
       100     1,400,800         210,589,150             89,240                   0                  0        16,987,032          175,645            14,008         2,104,999                 0        168,113                        150     0
       100     1,414,400         211,234,040             89,240                   0                  0        18,736,600          175,645            14,144         2,111,448                 0        185,609                        149     0
       100     1,428,000         211,887,434             89,240                   0                  0        20,122,311          175,645            14,280         2,117,981                 0        199,466                        148     0
       100     1,441,600         212,532,340             89,240                   0                  0        20,119,932          175,645            14,416         2,124,431                 0        199,442                        147     0
       100     1,455,200         213,182,335             89,240                   0                  0        18,698,327          175,645            14,552         2,130,930                 0        185,226                        146     0
       100     1,468,800         213,832,330             89,240                   0                  0        20,002,327          175,645            14,688         2,137,430                 0        198,266                        145     0
       100     1,482,400         214,480,646             89,240                   0                  0        21,283,094          175,645            14,824         2,143,914                 0        211,074                        144     0
       100     1,496,000         215,122,141             89,240                   0                  0        20,435,435          175,645            14,960         2,150,329                 0        202,597                        143     0
       100     1,509,600         215,780,643             89,240                   0                  0        22,719,680          175,645            15,096         2,156,914                 0        225,440                        142     0
       100     1,523,200         216,413,722             89,240                   0                  0        18,531,734          175,645            15,232         2,163,244                 0        183,560                        142     0
       100     1,536,800         217,070,449             89,240                   0                  0        18,316,891          175,645            15,368         2,169,812                 0        181,412                        141     0
       100     1,550,400         217,715,328             89,240                   0                  0        18,288,575          175,645            15,504         2,176,260                 0        181,129                        140     0
       100     1,564,000         218,375,518             89,240                   0                  0        20,598,408          175,645            15,640         2,182,862                 0        204,227                        139     0
       100     1,577,600         219,022,144             89,240                   0                  0        20,851,694          175,645            15,776         2,189,329                 0        206,760                        138     0
       100     1,591,200         219,667,047             89,240                   0                  0        15,599,353          175,645            15,912         2,195,778                 0        154,237                        137     0
       100     1,604,800         220,318,740             89,240                   0                  0        15,406,384          175,645            16,048         2,202,295                 0        152,307                        137     0
       100     1,618,400         220,956,838             89,240                   0                  0        15,201,502          175,645            16,184         2,208,675                 0        150,258                        136     0
       100     1,632,000         221,603,437             89,240                   0                  0        15,204,125          175,645            16,320         2,215,141                 0        150,284                        135     0
       100     1,645,600         222,251,753             89,240                   0                  0        15,651,338          175,645            16,456         2,221,625                 0        154,756                        135     0
       100     1,659,200         222,896,631             89,240                   0                  0        14,848,895          175,645            16,592         2,228,073                 0        146,732                        134     0
       100     1,672,800         223,550,031             89,240                   0                  0        16,208,573          175,645            16,728         2,234,607                 0        160,329                        133     0
       100     1,686,400         224,210,245             89,240                   0                  0        15,413,670          175,645            16,864         2,241,210                 0        152,380                        132     0
       100     1,700,000         224,860,231             89,240                   0                  0        16,016,798          175,645            17,000         2,247,709                 0        158,411                        132     0
       100     1,713,600         225,510,234             89,240                   0                  0        15,623,580          175,645            17,136         2,254,209                 0        154,479                        131     0
       100     1,727,200         226,146,717             89,240                   0                  0        15,566,931          175,645            17,272         2,260,574                 0        153,912                        130     0
       100     1,740,800         226,793,240             89,240                   0                  0        15,744,988          175,645            17,408         2,267,040                 0        155,693                        130     0
       100     1,754,400         227,446,635             89,240                   0                  0        15,543,218          175,645            17,544         2,273,573                 0        153,675                        129     0
       100     1,768,000         228,096,630             89,240                   0                  0        15,302,690          175,645            17,680         2,280,073                 0        151,270                        128     0
       100     1,781,600         228,743,242             89,240                   0                  0        18,027,361          175,645            17,816         2,286,540                 0        178,517                        128     0
       100     1,795,200         229,393,239             89,240                   0                  0        16,304,114          175,645            17,952         2,293,039                 0        161,284                        127     0
       100     1,808,800         230,046,629             89,240                   0                  0        20,132,774          175,645            18,088         2,299,573                 0        199,571                        127     0
       100     1,822,400         230,679,646             89,240                   0                  0        19,717,274          175,645            18,224         2,305,904                 0        195,416                        126     0
       100     1,836,000         231,333,038             89,240                   0                  0        20,762,848          175,645            18,360         2,312,437                 0        205,872                        125     0
       100     1,849,600         231,993,236             89,240                   0                  0        21,215,706          175,645            18,496         2,319,039                 0        210,400                        125     0
       100     1,863,200         232,636,429             89,240                   0                  0        19,803,451          175,645            18,632         2,325,471                 0        196,278                        124     0
       100     1,876,800         233,288,128             89,240                   0                  0        19,940,222          175,645            18,768         2,331,988                 0        197,645                        124     0
       100     1,890,400         233,934,736             89,240                   0                  0        20,243,880          175,645            18,904         2,338,454                 0        200,682                        123     0
       100     1,904,000         234,577,935             89,240                   0                  0        19,620,035          175,645            19,040         2,344,886                 0        194,443                        123     0
       100     1,917,600         235,222,839             89,240                   0                  0        21,513,088          175,645            19,176         2,351,335                 0        213,374                        122     0
       100     1,931,200         235,872,852             89,240                   0                  0        19,736,402          175,645            19,312         2,357,836                 0        195,607                        122     0
       100     1,944,800         236,519,440             89,240                   0                  0        20,532,396          175,645            19,448         2,364,302                 0        203,567                        121     0
       100     1,958,400         237,171,133             89,240                   0                  0        21,847,528          175,645            19,584         2,370,818                 0        216,718                        121     0
       100     1,972,000         237,816,031             89,240                   0                  0        24,370,189          175,645            19,720         2,377,267                 0        241,945                        120     0
       100     1,985,600         238,469,441             89,240                   0                  0        22,739,371          175,645            19,856         2,383,802                 0        225,637                        120     0
       100     1,999,200         239,117,745             89,240                   0                  0        25,167,105          175,645            19,992         2,390,285                 0        249,914                        119     0
       100     2,012,800         239,766,039             89,240                   0                  0        24,123,666          175,645            20,128         2,396,767                 0        239,480                        119     0
       100     2,026,400         240,402,445             89,240                   0                  0        22,506,971          175,645            20,264         2,403,132                 0        223,313                        118     0
       100     2,040,000         241,067,737             89,240                   0                  0        23,780,019          175,645            20,400         2,409,784                 0        236,043                        118     0
       100     2,053,600         241,709,237             89,240                   0                  0        23,625,496          175,645            20,536         2,416,199                 0        234,498                        117     0
       100     2,067,200         242,350,726             89,240                   0                  0        21,237,432          175,645            20,672         2,422,614                 0        210,617                        117     0
       100     2,080,800         243,004,128             89,240                   0                  0        23,608,183          175,645            20,808         2,429,148                 0        234,325                        116     0
       100     2,094,400         243,655,846             89,240                   0                  0        23,832,320          175,645            20,944         2,435,666                 0        236,566                        116     0
       100     2,108,000         244,293,940             89,240                   0                  0        26,176,315          175,645            21,080         2,442,047                 0        260,006                        115     0
       100     2,121,600         244,954,143             89,240                   0                  0        32,036,568          175,645            21,216         2,448,649                 0        318,609                        115     0
       100     2,135,200         245,597,348             89,240                   0                  0        22,355,431          175,645            21,352         2,455,081                 0        221,797                        114     0
       100     2,148,800         246,249,042             89,240                   0                  0        20,032,970          175,645            21,488         2,461,598                 0        198,573                        114     0
       100     2,162,400         246,897,331             89,240                   0                  0        18,036,129          175,645            21,624         2,468,080                 0        178,604                        114     0
       100     2,176,000         247,537,133             89,240                   0                  0        18,088,125          175,645            21,760         2,474,478                 0        179,124                        113     0
       100     2,189,600         248,193,941             89,240                   0                  0        18,550,372          175,645            21,896         2,481,047                 0        183,747                        113     0
       100     2,203,200         248,838,843             89,240                   0                  0        18,413,870          175,645            22,032         2,487,496                 0        182,382                        112     0
       100     2,216,800         249,488,830             89,240                   0                  0        17,539,205          175,645            22,168         2,493,995                 0        173,635                        112     0
       100     2,230,400         250,140,530             89,240                   0                  0        18,291,378          175,645            22,304         2,500,512                 0        181,157                        112     0
       100     2,244,000         250,783,740             89,240                   0                  0        17,601,016          175,645            22,440         2,506,945                 0        174,253                        111     0
       100     2,257,600         251,432,042             89,240                   0                  0        17,267,936          175,645            22,576         2,513,428                 0        170,922                        111     0
       100     2,271,200         252,078,639             89,240                   0                  0        16,774,531          175,645            22,712         2,519,893                 0        165,988                        110     0
       100     2,284,800         252,728,636             89,240                   0                  0        17,151,111          175,645            22,848         2,526,393                 0        169,754                        110     0
       100     2,298,400         253,380,339             89,240                   0                  0        17,353,974          175,645            22,984         2,532,910                 0        171,783                        110     0
       100     2,312,000         254,030,331             89,240                   0                  0        19,498,893          175,645            23,120         2,539,410                 0        193,232                        109     0
       100     2,325,600         254,671,832             89,240                   0                  0        19,164,670          175,645            23,256         2,545,825                 0        189,890                        109     0
       100     2,339,200         255,325,231             89,240                   0                  0        21,208,553          175,645            23,392         2,552,359                 0        210,329                        109     0
       100     2,352,800         255,966,735             89,240                   0                  0        17,455,855          175,645            23,528         2,558,774                 0        172,802                        108     0
       100     2,366,400         256,623,536             89,240                   0                  0        19,461,318          175,645            23,664         2,565,342                 0        192,856                        108     0
       100     2,380,000         257,258,233             89,240                   0                  0        19,477,670          175,645            23,800         2,571,689                 0        193,020                        108     0
       100     2,393,600         257,920,057             89,240                   0                  0        22,704,696          175,645            23,936         2,578,308                 0        225,290                        107     0
       100     2,407,200         258,559,952             89,240                   0                  0        22,270,968          175,645            24,072         2,584,707                 0        220,953                        107     0
       100     2,420,800         259,216,738             89,240                   0                  0        21,839,907          175,645            24,208         2,591,274                 0        216,642                        107     0
       100     2,434,400         259,861,630             89,240                   0                  0        22,155,742          175,645            24,344         2,597,723                 0        219,800                        106     0
       100     2,448,000         260,523,540             89,240                   0                  0        22,205,049          175,645            24,480         2,604,343                 0        220,294                        106     0
       100     2,461,600         261,149,738             89,240                   0                  0        21,659,436          175,645            24,616         2,610,604                 0        214,837                        106     0
       100     2,475,200         261,804,829             89,240                   0                  0        21,897,135          175,645            24,752         2,617,155                 0        217,214                        105     0
       100     2,488,800         262,449,730             89,240                   0                  0        23,779,091          175,645            24,888         2,623,604                 0        236,034                        105     0
       100     2,502,400         263,099,741             89,240                   0                  0        22,591,542          175,645            25,024         2,630,105                 0        224,158                        105     0
       100     2,516,000         263,746,342             89,240                   0                  0        22,044,069          175,645            25,160         2,636,571                 0        218,684                        104     0
       100     2,529,600         264,392,933             89,240                   0                  0        23,518,178          175,645            25,296         2,643,036                 0        233,425                        104     0
       100     2,543,200         265,048,043             89,240                   0                  0        23,909,358          175,645            25,432         2,649,588                 0        237,337                        104     0
       100     2,556,800         265,699,741             89,240                   0                  0        23,655,731          175,645            25,568         2,656,105                 0        234,800                        103     0
       100     2,570,400         266,349,732             89,240                   0                  0        22,463,560          175,645            25,704         2,662,604                 0        222,879                        103     0
       100     2,584,000         266,989,539             89,240                   0                  0        23,089,294          175,645            25,840         2,669,002                 0        229,136                        103     0
       100     2,597,600         267,634,360             89,240                   0                  0        22,461,658          175,645            25,976         2,675,451                 0        222,860                        102     0
       100     2,611,200         268,282,744             89,240                   0                  0        24,245,130          175,645            26,112         2,681,935                 0        240,694                        102     0
       100     2,624,800         268,934,435             89,240                   0                  0        22,803,428          175,645            26,248         2,688,451                 0        226,277                        102     0
       100     2,638,400         269,587,817             89,240                   0                  0        24,092,281          175,645            26,384         2,694,985                 0        239,166                        102     0
       100     2,652,000         270,236,142             89,240                   0                  0        23,505,788          175,645            26,520         2,701,469                 0        233,301                        101     0
       100     2,665,600         270,875,939             89,240                   0                  0        21,663,726          175,645            26,656         2,707,866                 0        214,880                        101     0
       100     2,679,200         271,531,027             89,240                   0                  0        22,860,454          175,645            26,792         2,714,417                 0        226,848                        101     0
       100     2,692,800         272,177,629             89,240                   0                  0        22,365,463          175,645            26,928         2,720,883                 0        221,898                        101     0
       100     2,706,400         272,820,840             89,240                   0                  0        22,265,468          175,645            27,064         2,727,316                 0        220,898                        100     0
       100     2,720,000         273,465,739             89,240                   0                  0        24,181,728          175,645            27,200         2,733,764                 0        240,060                        100     0
       100     2,733,600         274,112,331             89,240                   0                  0        20,683,846          175,645            27,336         2,740,230                 0        205,082                        100     0
       100     2,747,200         274,764,026             89,240                   0                  0        18,640,640          175,645            27,472         2,746,747                 0        184,649                         99     0
       100     2,760,800         275,412,340             89,240                   0                  0        18,511,818          175,645            27,608         2,753,231                 0        183,361                         99     0
       100     2,774,400         276,062,340             89,240                   0                  0        19,018,050          175,645            27,744         2,759,731                 0        188,424                         99     0
       100     2,788,000         276,715,730             89,240                   0                  0        18,310,906          175,645            27,880         2,766,264                 0        181,352                         99     0
       100     2,801,600         277,372,540             89,240                   0                  0        18,186,588          175,645            28,016         2,772,833                 0        180,109                         98     0
       100     2,815,200         278,010,642             89,240                   0                  0        18,249,474          175,645            28,152         2,779,214                 0        180,738                         98     0
       100     2,828,800         278,660,641             89,240                   0                  0        18,701,755          175,645            28,288         2,785,714                 0        185,261                         98     0
       100     2,842,400         279,303,831             89,240                   0                  0        18,493,940          175,645            28,424         2,792,145                 0        183,182                         98     0
       100     2,856,000         279,958,946             89,240                   0                  0        18,337,616          175,645            28,560         2,798,697                 0        181,619                         97     0
       100     2,869,600         280,600,440             89,240                   0                  0        18,280,760          175,645            28,696         2,805,112                 0        181,051                         97     0
       100     2,883,200         281,260,637             89,240                   0                  0        18,532,483          175,645            28,832         2,811,713                 0        183,568                         97     0
       100     2,896,800         281,900,436             89,240                   0                  0        18,908,695          175,645            28,968         2,818,111                 0        187,330                         97     0
       100     2,910,400         282,569,152             89,240                   0                  0        18,684,244          175,645            29,104         2,824,799                 0        185,085                         97     0
       100     2,924,000         283,202,140             89,240                   0                  0        19,174,388          175,645            29,240         2,831,129                 0        189,987                         96     0
       100     2,937,600         283,841,942             89,240                   0                  0        18,909,100          175,645            29,376         2,837,527                 0        187,334                         96     0
       100     2,951,200         284,495,326             89,240                   0                  0        18,879,305          175,645            29,512         2,844,060                 0        187,036                         96     0
       100     2,964,800         285,147,045             89,240                   0                  0        18,606,530          175,645            29,648         2,850,578                 0        184,308                         96     0
       100     2,978,400         285,790,241             89,240                   0                  0        21,269,677          175,645            29,784         2,857,010                 0        210,940                         95     0
       100     2,992,000         286,440,238             89,240                   0                  0        21,044,855          175,645            29,920         2,863,509                 0        208,692                         95     0
       100     3,005,600         287,083,440             89,240                   0                  0        19,448,703          175,645            30,056         2,869,942                 0        192,730                         95     0
       100     3,019,200         287,738,542             89,240                   0                  0        19,595,883          175,645            30,192         2,876,493                 0        194,202                         95     0
       100     3,032,800         288,395,340             89,240                   0                  0        19,101,325          175,645            30,328         2,883,061                 0        189,256                         95     0
       100     3,046,400         289,035,142             89,240                   0                  0        18,961,749          175,645            30,464         2,889,459                 0        187,861                         94     0
       100     3,060,000         289,685,162             89,240                   0                  0        18,961,316          175,645            30,600         2,895,959                 0        187,856                         94     0
       100     3,073,600         290,331,732             89,240                   0                  0        19,148,703          175,645            30,736         2,902,424                 0        189,730                         94     0
       100     3,087,200         290,978,331             89,240                   0                  0        19,288,814          175,645            30,872         2,908,890                 0        191,131                         94     0
       100     3,100,800         291,624,932             89,240                   0                  0        19,171,658          175,645            31,008         2,915,356                 0        189,960                         94     0
       100     3,114,400         292,280,042             89,240                   0                  0        19,148,747          175,645            31,144         2,921,908                 0        189,731                         93     0
       100     3,128,000         292,931,742             89,240                   0                  0        19,127,459          175,645            31,280         2,928,425                 0        189,518                         93     0
       100     3,141,600         293,576,638             89,240                   0                  0        19,224,061          175,645            31,416         2,934,873                 0        190,484                         93     0
       100     3,155,200         294,219,849             89,240                   0                  0        21,187,310          175,645            31,552         2,941,306                 0        210,116                         93     0
       100     3,168,800         294,868,146             89,240                   0                  0        19,461,794          175,645            31,688         2,947,789                 0        192,861                         93     0
       100     3,182,400         295,519,846             89,240                   0                  0        19,734,654          175,645            31,824         2,954,306                 0        195,590                         92     0
       100     3,196,000         296,169,836             89,240                   0                  0        19,386,522          175,645            31,960         2,960,805                 0        192,108                         92     0
       100     3,209,600         296,807,935             89,240                   0                  0        19,502,775          175,645            32,096         2,967,186                 0        193,271                         92     0
       100     3,223,200         297,466,440             89,240                   0                  0        19,475,899          175,645            32,232         2,973,772                 0        193,002                         92     0
       100     3,236,800         298,118,140             89,240                   0                  0        19,451,052          175,645            32,368         2,980,289                 0        192,754                         92     0
       100     3,250,400         298,752,836             89,240                   0                  0        19,597,065          175,645            32,504         2,986,635                 0        194,214                         91     0
       100     3,264,000         299,408,020             89,240                   0                  0        20,575,972          175,645            32,640         2,993,187                 0        204,003                         91     0

Contract(VerifyMlDsa87Sig) cpu: MeteredCostComponent { const_term: 1437210, lin_term: ScaledU64(6102) }, R2 score: 0.9999999840763665
Contract(VerifyMlDsa87Sig) mem: MeteredCostComponent { const_term: 0, lin_term: ScaledU64(0) }, R2 score: NaN


       cost_type     cpu_model_const_param     cpu_model_lin_param     mem_model_const_param     mem_model_lin_param
VerifyMlDsa44Sig                    685165                    6103                         0     0
VerifyMlDsa65Sig                    983619                    6103                         0     0
VerifyMlDsa87Sig                   1437210                    6102                         0     0

